feature,VIF
y,10545.173278576767
x,10513.02048665792
surface_area,6168.380752056009
volume,3437.5097079680845
carat,1884.993024984009
